[{
  "_id": {
    "$oid": "639221e3528e21ed458af03d"
  },
  "title": "Không yêu cầu",
  "createdAt": {
    "$date": {
      "$numberLong": "1670521315210"
    }
  },
  "updatedAt": {
    "$date": {
      "$numberLong": "1670521315210"
    }
  },
  "__v": 0
},{
  "_id": {
    "$oid": "639221ec528e21ed458af03f"
  },
  "title": "Dưới 1 năm",
  "createdAt": {
    "$date": {
      "$numberLong": "1670521324444"
    }
  },
  "updatedAt": {
    "$date": {
      "$numberLong": "1670521324444"
    }
  },
  "__v": 0
},{
  "_id": {
    "$oid": "639221f2528e21ed458af041"
  },
  "title": "1 năm",
  "createdAt": {
    "$date": {
      "$numberLong": "1670521330861"
    }
  },
  "updatedAt": {
    "$date": {
      "$numberLong": "1670521330861"
    }
  },
  "__v": 0
},{
  "_id": {
    "$oid": "639221f6528e21ed458af043"
  },
  "title": "2 năm",
  "createdAt": {
    "$date": {
      "$numberLong": "1670521334138"
    }
  },
  "updatedAt": {
    "$date": {
      "$numberLong": "1670521334138"
    }
  },
  "__v": 0
},{
  "_id": {
    "$oid": "639221f9528e21ed458af045"
  },
  "title": "3 năm",
  "createdAt": {
    "$date": {
      "$numberLong": "1670521337979"
    }
  },
  "updatedAt": {
    "$date": {
      "$numberLong": "1670521337979"
    }
  },
  "__v": 0
},{
  "_id": {
    "$oid": "639221fe528e21ed458af047"
  },
  "title": "5 năm",
  "createdAt": {
    "$date": {
      "$numberLong": "1670521342172"
    }
  },
  "updatedAt": {
    "$date": {
      "$numberLong": "1670521342172"
    }
  },
  "__v": 0
},{
  "_id": {
    "$oid": "63922201528e21ed458af049"
  },
  "title": "Trên 5 năm",
  "createdAt": {
    "$date": {
      "$numberLong": "1670521345906"
    }
  },
  "updatedAt": {
    "$date": {
      "$numberLong": "1670521345906"
    }
  },
  "__v": 0
},{
  "_id": {
    "$oid": "639285cbaba1741daca28678"
  },
  "title": "Khoảng 1 đến 3 năm",
  "createdAt": {
    "$date": {
      "$numberLong": "1670546891892"
    }
  },
  "updatedAt": {
    "$date": {
      "$numberLong": "1670546891892"
    }
  },
  "__v": 0
}]